date,skill,model,input_tokens,output_tokens,cache_read,cache_creation
2026-05-28,heartbeat,claude-opus-4-7,21,4256,681341,32668
2026-05-28,heartbeat,claude-opus-4-7,19,4114,561354,32769
2026-05-28,heartbeat,claude-opus-4-7,21,4105,823816,32975
2026-05-29,heartbeat,claude-opus-4-7,17,3715,600002,32394
2026-05-30,heartbeat,claude-opus-4-7,14,4097,486662,33107
2026-05-30,heartbeat,claude-opus-4-7,24,4826,941996,34736
2026-05-30,heartbeat,claude-opus-4-7,18,4214,646141,32990
2026-05-31,heartbeat,claude-opus-4-7,20,3525,759094,32638
2026-05-31,heartbeat,claude-opus-4-7,12297,2914,312474,32298
2026-05-31,heartbeat,claude-opus-4-7,22,5719,877977,35580
2026-06-01,heartbeat,claude-opus-4-7,19,3082,711501,32985
